,ID,Y,month,day,fuel,moisture,drought_code,initial_spread_code,temp,humidity,wind,rain,area_burned
0,14135,5,mar,fri,86.2,26.2,94.3,5.1,8.2,51,6.7,0.0,0.0
1,14136,4,oct,tue,90.6,35.4,669.1,6.7,18.0,33,0.9,0.0,0.0
2,14138,6,mar,fri,91.7,33.3,77.5,9.0,8.3,97,4.0,0.2,0.0
3,14139,6,mar,sun,89.3,51.3,102.2,9.6,11.4,99,1.8,0.0,0.0
4,14140,6,aug,sun,92.3,85.3,488.0,14.7,22.2,29,5.4,0.0,0.0
5,14141,6,aug,mon,92.3,88.9,495.6,8.5,24.1,27,3.1,0.0,0.0
6,14142,6,aug,mon,91.5,145.4,608.2,10.7,8.0,86,2.2,0.0,0.0
7,14143,6,sep,tue,91.0,129.5,692.6,7.0,13.1,63,5.4,0.0,0.0
8,14144,5,sep,sat,92.5,88.0,698.6,7.1,22.8,40,4.0,0.0,0.0
9,14145,5,sep,sat,92.5,88.0,698.6,7.1,17.8,51,7.2,0.0,0.0
10,14146,5,sep,sat,92.8,73.2,713.0,22.6,19.3,38,4.0,0.0,0.0
11,14147,5,aug,fri,63.5,70.8,665.3,0.8,17.0,72,6.7,0.0,0.0
12,14148,5,sep,mon,90.9,126.5,686.5,7.0,21.3,42,2.2,0.0,0.0
13,14149,5,sep,wed,92.9,133.3,699.6,9.2,26.4,21,4.5,0.0,0.0
14,14150,5,sep,fri,93.3,141.2,713.9,13.9,22.9,44,5.4,0.0,0.0
15,14151,5,mar,sat,91.7,35.8,80.8,7.8,15.1,27,5.4,0.0,0.0
16,14152,5,oct,mon,84.9,32.8,664.2,3.0,16.7,47,4.9,0.0,0.0
17,14153,4,mar,wed,89.2,27.9,70.8,6.3,15.9,35,4.0,0.0,0.0
18,14154,4,apr,sat,86.3,27.4,97.1,5.1,9.3,44,4.5,0.0,0.0
19,14155,4,sep,tue,91.0,129.5,692.6,7.0,18.3,40,2.7,0.0,0.0
20,14156,4,sep,mon,91.8,78.5,724.3,9.2,19.1,38,2.7,0.0,0.0
21,14157,4,jun,sun,94.3,96.3,200.0,56.1,21.0,44,4.5,0.0,0.0
22,14158,4,aug,sat,90.2,110.9,537.4,6.2,19.5,43,5.8,0.0,0.0
23,14159,4,aug,sat,93.5,139.4,594.2,20.3,23.7,32,5.8,0.0,0.0
24,14160,4,aug,sun,91.4,142.4,601.4,10.6,16.3,60,5.4,0.0,0.0
25,14161,4,sep,fri,92.4,117.9,668.0,12.2,19.0,34,5.8,0.0,0.0
26,14162,4,sep,mon,90.9,126.5,686.5,7.0,19.4,48,1.3,0.0,0.0
27,14163,3,sep,sat,93.4,145.4,721.4,8.1,30.2,24,2.7,0.0,0.0
28,14164,3,sep,sun,93.5,149.3,728.6,8.1,22.8,39,3.6,0.0,0.0
29,14165,3,sep,fri,94.3,85.1,692.3,15.9,25.4,24,3.6,0.0,0.0
30,14166,3,sep,mon,88.6,91.8,709.9,7.1,11.2,78,7.6,0.0,0.0
31,14167,3,sep,fri,88.6,69.7,706.8,5.8,20.6,37,1.8,0.0,0.0
32,14168,3,sep,sun,91.7,75.6,718.3,7.8,17.7,39,3.6,0.0,0.0
33,14169,3,sep,mon,91.8,78.5,724.3,9.2,21.2,32,2.7,0.0,0.0
34,14170,3,sep,tue,90.3,80.7,730.2,6.3,18.2,62,4.5,0.0,0.0
35,14171,3,oct,tue,90.6,35.4,669.1,6.7,21.7,24,4.5,0.0,0.0
36,14172,4,oct,fri,90.0,41.5,682.6,8.7,11.3,60,5.4,0.0,0.0
37,14173,3,oct,sat,90.6,43.7,686.9,6.7,17.8,27,4.0,0.0,0.0
38,14174,4,mar,tue,88.1,25.7,67.6,3.8,14.1,43,2.7,0.0,0.0
39,14175,4,jul,tue,79.5,60.6,366.7,1.5,23.3,37,3.1,0.0,0.0
40,14176,4,aug,sat,90.2,96.9,624.2,8.9,18.4,42,6.7,0.0,0.0
41,14177,4,aug,tue,94.8,108.3,647.1,17.0,16.6,54,5.4,0.0,0.0
42,14178,4,sep,sat,92.5,88.0,698.6,7.1,19.6,48,2.7,0.0,0.0
43,14179,4,sep,wed,90.1,82.9,735.7,6.2,12.9,74,4.9,0.0,0.0
44,14180,6,sep,wed,94.3,85.1,692.3,15.9,25.9,24,4.0,0.0,0.0
45,14181,6,sep,mon,90.9,126.5,686.5,7.0,14.7,70,3.6,0.0,0.0
46,14182,6,jul,mon,94.2,62.3,442.9,11.0,23.0,36,3.1,0.0,0.0
47,14183,4,mar,mon,87.2,23.9,64.7,4.1,11.8,35,1.8,0.0,0.0
48,14184,4,mar,mon,87.6,52.2,103.8,5.0,11.0,46,5.8,0.0,0.0
49,14185,4,sep,thu,92.9,137.0,706.4,9.2,20.8,17,1.3,0.0,0.0
50,14186,3,aug,sun,90.2,99.6,631.2,6.3,21.5,34,2.2,0.0,0.0
51,14187,3,aug,wed,92.1,111.2,654.1,9.6,20.4,42,4.9,0.0,0.0
52,14188,3,aug,wed,92.1,111.2,654.1,9.6,20.4,42,4.9,0.0,0.0
53,14189,3,aug,thu,91.7,114.3,661.3,6.3,17.6,45,3.6,0.0,0.0
54,14190,3,sep,thu,92.9,137.0,706.4,9.2,27.7,24,2.2,0.0,0.0
55,14191,3,sep,tue,90.3,80.7,730.2,6.3,17.8,63,4.9,0.0,0.0
56,14192,3,oct,sun,92.6,46.5,691.8,8.8,13.8,50,2.7,0.0,0.0
57,14193,2,feb,mon,84.0,9.3,34.0,2.1,13.9,40,5.4,0.0,0.0
58,14194,2,feb,fri,86.6,13.2,43.0,5.3,12.3,51,0.9,0.0,0.0
59,14195,2,mar,sun,89.3,51.3,102.2,9.6,11.5,39,5.8,0.0,0.0
60,14196,2,mar,sun,89.3,51.3,102.2,9.6,5.5,59,6.3,0.0,0.0
61,14197,2,aug,thu,93.0,75.3,466.6,7.7,18.8,35,4.9,0.0,0.0
62,14198,2,aug,sun,90.2,99.6,631.2,6.3,20.8,33,2.7,0.0,0.0
63,14199,2,aug,mon,91.1,103.2,638.8,5.8,23.1,31,3.1,0.0,0.0
64,14200,2,aug,thu,91.7,114.3,661.3,6.3,18.6,44,4.5,0.0,0.0
65,14201,2,sep,fri,92.4,117.9,668.0,12.2,23.0,37,4.5,0.0,0.0
66,14202,2,sep,fri,92.4,117.9,668.0,12.2,19.6,33,5.4,0.0,0.0
67,14203,2,sep,fri,92.4,117.9,668.0,12.2,19.6,33,6.3,0.0,0.0
68,14204,5,mar,fri,91.7,33.3,77.5,9.0,17.2,26,4.5,0.0,0.0
69,14205,5,mar,fri,91.2,48.3,97.8,12.5,15.8,27,7.6,0.0,0.0
70,14206,5,sep,fri,94.3,85.1,692.3,15.9,17.7,37,3.6,0.0,0.0
71,14207,4,mar,fri,91.7,33.3,77.5,9.0,15.6,25,6.3,0.0,0.0
72,14208,4,aug,tue,88.8,147.3,614.5,9.0,17.3,43,4.5,0.0,0.0
73,14209,4,sep,fri,93.3,141.2,713.9,13.9,27.6,30,1.3,0.0,0.0
74,14210,9,feb,thu,84.2,6.8,26.6,7.7,6.7,79,3.1,0.0,0.0
75,14211,9,feb,fri,86.6,13.2,43.0,5.3,15.7,43,3.1,0.0,0.0
76,14212,3,mar,mon,87.6,52.2,103.8,5.0,8.3,72,3.1,0.0,0.0
77,14213,2,aug,fri,90.1,108.0,529.8,12.5,14.7,66,2.7,0.0,0.0
78,14214,2,aug,tue,91.0,121.2,561.6,7.0,21.6,19,6.7,0.0,0.0
79,14215,2,aug,sun,91.4,142.4,601.4,10.6,19.5,39,6.3,0.0,0.0
80,14216,2,aug,sun,90.2,99.6,631.2,6.3,17.9,44,2.2,0.0,0.0
81,14217,2,aug,tue,94.8,108.3,647.1,17.0,18.6,51,4.5,0.0,0.0
82,14218,2,aug,wed,92.1,111.2,654.1,9.6,16.6,47,0.9,0.0,0.0
83,14219,2,aug,thu,91.7,114.3,661.3,6.3,20.2,45,3.6,0.0,0.0
84,14220,2,sep,thu,92.9,137.0,706.4,9.2,21.5,15,0.9,0.0,0.0
85,14221,2,sep,thu,92.9,137.0,706.4,9.2,25.4,27,2.2,0.0,0.0
86,14222,2,sep,thu,92.9,137.0,706.4,9.2,22.4,34,2.2,0.0,0.0
87,14223,2,sep,sun,93.5,149.3,728.6,8.1,25.3,36,3.6,0.0,0.0
88,14224,5,mar,sat,91.7,35.8,80.8,7.8,17.4,25,4.9,0.0,0.0
89,14225,5,aug,sat,90.2,96.9,624.2,8.9,14.7,59,5.8,0.0,0.0
90,14226,6,mar,fri,91.7,35.8,80.8,7.8,17.4,24,5.4,0.0,0.0
91,14227,6,aug,sun,92.3,85.3,488.0,14.7,20.8,32,6.3,0.0,0.0
92,14228,6,aug,sun,91.4,142.4,601.4,10.6,18.2,43,4.9,0.0,0.0
93,14229,6,aug,mon,91.1,103.2,638.8,5.8,23.4,22,2.7,0.0,0.0
94,14230,4,sep,sun,89.7,90.0,704.4,4.8,17.8,64,1.3,0.0,0.0
95,14231,4,feb,sat,83.9,8.0,30.2,2.6,12.7,48,1.8,0.0,0.0
96,14232,4,mar,sat,69.0,2.4,15.5,0.7,17.4,24,5.4,0.0,0.0
97,14233,4,aug,sun,91.4,142.4,601.4,10.6,11.6,87,4.5,0.0,0.0
98,14234,4,aug,sun,91.4,142.4,601.4,10.6,19.8,39,5.4,0.0,0.0
99,14235,4,aug,sun,91.4,142.4,601.4,10.6,19.8,39,5.4,0.0,0.0
100,14236,4,aug,tue,88.8,147.3,614.5,9.0,14.4,66,5.4,0.0,0.0
101,14237,4,aug,tue,94.8,108.3,647.1,17.0,20.1,40,4.0,0.0,0.0
102,14238,4,sep,sat,92.5,121.1,674.4,8.6,24.1,29,4.5,0.0,0.0
103,14239,4,jan,sat,82.1,3.7,9.3,2.9,5.3,78,3.1,0.0,0.0
104,14240,5,mar,fri,85.9,19.5,57.3,2.8,12.7,52,6.3,0.0,0.0
105,14241,5,mar,thu,91.4,30.7,74.3,7.5,18.2,29,3.1,0.0,0.0
106,14242,5,aug,sun,90.2,99.6,631.2,6.3,21.4,33,3.1,0.0,0.0
107,14243,5,sep,sat,92.5,88.0,698.6,7.1,20.3,45,3.1,0.0,0.0
108,14244,5,sep,mon,88.6,91.8,709.9,7.1,17.4,56,5.4,0.0,0.0
109,14245,4,mar,fri,85.9,19.5,57.3,2.8,13.7,43,5.8,0.0,0.0
110,14246,4,mar,fri,91.7,33.3,77.5,9.0,18.8,18,4.5,0.0,0.0
111,14247,4,sep,sun,89.7,90.0,704.4,4.8,22.8,39,3.6,0.0,0.0
112,14248,4,sep,mon,91.8,78.5,724.3,9.2,18.9,35,2.7,0.0,0.0
113,14249,4,mar,tue,88.1,25.7,67.6,3.8,15.8,27,7.6,0.0,0.0
114,14250,5,mar,tue,88.1,25.7,67.6,3.8,15.5,27,6.3,0.0,0.0
115,14251,4,mar,sat,91.7,35.8,80.8,7.8,11.6,30,6.3,0.0,0.0
116,14252,4,mar,sat,91.7,35.8,80.8,7.8,15.2,27,4.9,0.0,0.0
117,14253,4,mar,mon,90.1,39.7,86.6,6.2,10.6,30,4.0,0.0,0.0
118,14254,4,aug,thu,93.0,75.3,466.6,7.7,19.6,36,3.1,0.0,0.0
119,14255,4,aug,mon,91.5,145.4,608.2,10.7,10.3,74,2.2,0.0,0.0
120,14256,4,aug,mon,91.5,145.4,608.2,10.7,17.1,43,5.4,0.0,0.0
121,14257,4,sep,sun,92.4,124.1,680.7,8.5,22.5,42,5.4,0.0,0.0
122,14258,4,sep,tue,84.4,73.4,671.9,3.2,17.9,45,3.1,0.0,0.0
123,14259,4,sep,fri,94.3,85.1,692.3,15.9,19.8,50,5.4,0.0,0.0
124,14260,4,oct,sun,92.6,46.5,691.8,8.8,20.6,24,5.4,0.0,0.0
125,14261,5,mar,mon,87.6,52.2,103.8,5.0,9.0,49,2.2,0.0,0.0
126,14262,5,sep,fri,93.5,149.3,728.6,8.1,17.2,43,3.1,0.0,0.0
127,14263,5,oct,wed,91.4,37.9,673.8,5.2,15.9,46,3.6,0.0,0.0
128,14264,5,oct,sun,92.6,46.5,691.8,8.8,15.4,35,0.9,0.0,0.0
129,14265,6,feb,sat,68.2,21.5,87.2,0.8,15.4,40,2.7,0.0,0.0
130,14266,6,mar,mon,87.2,23.9,64.7,4.1,14.0,39,3.1,0.0,0.0
131,14267,6,mar,sun,89.3,51.3,102.2,9.6,10.6,46,4.9,0.0,0.0
132,14268,6,sep,thu,93.7,80.9,685.2,17.9,17.6,42,3.1,0.0,0.0
133,14269,5,mar,tue,88.1,25.7,67.6,3.8,14.9,38,2.7,0.0,0.0
134,14270,5,aug,sat,93.5,139.4,594.2,20.3,17.6,52,5.8,0.0,0.0
135,14271,6,sep,sun,92.4,124.1,680.7,8.5,17.2,58,1.3,0.0,0.0
136,14272,6,sep,mon,90.9,126.5,686.5,7.0,15.6,66,3.1,0.0,0.0
137,14273,9,jul,tue,85.8,48.3,313.4,3.9,18.0,42,2.7,0.0,0.36
138,14274,4,sep,tue,91.0,129.5,692.6,7.0,21.7,38,2.2,0.0,0.43
139,14275,5,sep,mon,90.9,126.5,686.5,7.0,21.9,39,1.8,0.0,0.47
140,14276,2,aug,wed,95.5,99.9,513.3,13.2,23.3,31,4.5,0.0,0.55
141,14277,6,aug,fri,90.1,108.0,529.8,12.5,21.2,51,8.9,0.0,0.61
142,14278,2,jul,sat,90.0,51.3,296.3,8.7,16.6,53,5.4,0.0,0.71
143,14279,5,aug,wed,95.5,99.9,513.3,13.2,23.8,32,5.4,0.0,0.77
144,14280,5,aug,thu,95.2,131.7,578.8,10.4,27.4,22,4.0,0.0,0.9
145,14281,4,mar,mon,90.1,39.7,86.6,6.2,13.2,40,5.4,0.0,0.95
146,14282,3,sep,tue,84.4,73.4,671.9,3.2,24.2,28,3.6,0.0,0.96
147,14283,2,aug,tue,94.8,108.3,647.1,17.0,17.4,43,6.7,0.0,1.07
148,14284,6,sep,thu,93.7,80.9,685.2,17.9,23.7,25,4.5,0.0,1.12
149,14285,5,jun,fri,92.5,56.4,433.3,7.1,23.2,39,5.4,0.0,1.19
150,14286,9,jul,sun,90.1,68.6,355.2,7.2,24.8,29,2.2,0.0,1.36
151,14287,4,jul,sat,90.1,51.2,424.1,6.2,24.6,43,1.8,0.0,1.43
152,14288,4,sep,fri,94.3,85.1,692.3,15.9,20.1,47,4.9,0.0,1.46
153,14289,5,sep,sat,93.4,145.4,721.4,8.1,29.6,27,2.7,0.0,1.46
154,14290,4,aug,sun,94.8,108.3,647.1,17.0,16.4,47,1.3,0.0,1.56
155,14291,4,sep,sat,93.4,145.4,721.4,8.1,28.6,27,2.2,0.0,1.61
156,14292,2,aug,wed,92.1,111.2,654.1,9.6,18.4,45,3.6,0.0,1.63
157,14293,4,aug,wed,92.1,111.2,654.1,9.6,20.5,35,4.0,0.0,1.64
158,14294,4,sep,fri,92.4,117.9,668.0,12.2,19.0,34,5.8,0.0,1.69
159,14295,4,mar,mon,90.1,39.7,86.6,6.2,16.1,29,3.1,0.0,1.75
160,14296,4,aug,thu,95.2,131.7,578.8,10.4,20.3,41,4.0,0.0,1.9
161,14297,3,mar,sat,90.6,50.1,100.4,7.8,15.2,31,8.5,0.0,1.94
162,14298,6,sep,sat,92.5,121.1,674.4,8.6,17.8,56,1.8,0.0,1.95
163,14299,5,sep,sun,89.7,90.0,704.4,4.8,17.8,67,2.2,0.0,2.01
164,14300,5,mar,thu,84.9,18.2,55.0,3.0,5.3,70,4.5,0.0,2.14
165,14301,5,aug,wed,92.1,111.2,654.1,9.6,16.6,47,0.9,0.0,2.29
166,14302,5,aug,wed,96.0,127.1,570.5,16.5,23.4,33,4.5,0.0,2.51
167,14303,5,mar,fri,91.2,48.3,97.8,12.5,14.6,26,9.4,0.0,2.53
168,14304,6,aug,thu,95.2,131.7,578.8,10.4,20.7,45,2.2,0.0,2.55
169,14305,4,sep,wed,92.9,133.3,699.6,9.2,21.9,35,1.8,0.0,2.57
170,14306,6,aug,wed,85.6,90.4,609.6,6.6,17.4,50,4.0,0.0,2.69
171,14307,4,aug,sun,91.4,142.4,601.4,10.6,20.1,39,5.4,0.0,2.74
172,14308,4,sep,mon,90.9,126.5,686.5,7.0,17.7,39,2.2,0.0,3.07
173,14309,4,aug,sat,90.2,96.9,624.2,8.9,14.2,53,1.8,0.0,3.5
174,14310,4,aug,sat,90.2,96.9,624.2,8.9,20.3,39,4.9,0.0,4.53
175,14311,5,apr,thu,81.5,9.1,55.2,2.7,5.8,54,5.8,0.0,4.61
176,14312,5,aug,sun,90.2,99.6,631.2,6.3,19.2,44,2.7,0.0,4.69
177,14313,5,sep,wed,90.1,82.9,735.7,6.2,18.3,45,2.2,0.0,4.88
178,14314,6,aug,tue,88.8,147.3,614.5,9.0,14.4,66,5.4,0.0,5.23
179,14315,3,sep,sun,92.4,124.1,680.7,8.5,23.9,32,6.7,0.0,5.33
180,14316,6,oct,mon,84.9,32.8,664.2,3.0,19.1,32,4.0,0.0,5.44
181,14317,4,feb,sun,86.8,15.6,48.3,3.9,12.4,53,2.2,0.0,6.38
182,14318,4,oct,mon,91.7,48.5,696.1,11.1,16.8,45,4.5,0.0,6.83
183,14319,6,aug,fri,93.9,135.7,586.7,15.1,20.8,34,4.9,0.0,6.96
184,14320,5,sep,tue,91.0,129.5,692.6,7.0,17.6,46,3.1,0.0,7.04
185,14321,6,mar,sun,89.3,51.3,102.2,9.6,11.5,39,5.8,0.0,7.19
186,14322,5,sep,mon,90.9,126.5,686.5,7.0,21.0,42,2.2,0.0,7.3
187,14323,4,mar,sat,90.8,41.9,89.4,7.9,13.3,42,0.9,0.0,7.4
188,14324,4,mar,sun,90.7,44.0,92.4,5.5,11.5,60,4.0,0.0,8.24
189,14325,5,mar,fri,91.2,48.3,97.8,12.5,11.7,33,4.0,0.0,8.31
190,14326,5,aug,thu,95.2,131.7,578.8,10.4,24.2,28,2.7,0.0,8.68
191,14327,2,aug,tue,94.8,108.3,647.1,17.0,24.6,22,4.5,0.0,8.71
192,14328,5,sep,wed,92.9,133.3,699.6,9.2,24.3,25,4.0,0.0,9.41
193,14329,2,aug,tue,94.8,108.3,647.1,17.0,24.6,22,4.5,0.0,10.01
194,14330,5,aug,fri,93.9,135.7,586.7,15.1,23.5,36,5.4,0.0,10.02
195,14331,5,apr,thu,81.5,9.1,55.2,2.7,5.8,54,5.8,0.0,10.93
196,14332,5,sep,thu,92.9,137.0,706.4,9.2,21.5,15,0.9,0.0,11.06
197,14333,4,sep,tue,91.0,129.5,692.6,7.0,13.9,59,6.3,0.0,11.24
198,14334,4,sep,mon,63.5,70.8,665.3,0.8,22.6,38,3.6,0.0,11.32
199,14335,5,sep,tue,91.0,129.5,692.6,7.0,21.6,33,2.2,0.0,11.53
200,14336,5,mar,sun,90.1,37.6,83.7,7.2,12.4,54,3.6,0.0,12.1
201,14337,4,feb,sun,83.9,8.7,32.1,2.1,8.8,68,2.2,0.0,13.05
202,14338,6,oct,wed,91.4,37.9,673.8,5.2,20.2,37,2.7,0.0,13.7
203,14339,6,mar,sat,90.6,50.1,100.4,7.8,15.1,64,4.0,0.0,13.99
204,14340,5,sep,thu,92.9,137.0,706.4,9.2,22.1,34,1.8,0.0,14.57
205,14341,2,aug,sat,93.5,139.4,594.2,20.3,22.9,31,7.2,0.0,15.45
206,14342,5,sep,tue,91.0,129.5,692.6,7.0,20.7,37,2.2,0.0,17.2
207,14343,5,sep,fri,92.4,117.9,668.0,12.2,19.6,33,6.3,0.0,19.23
208,14344,3,sep,thu,93.7,80.9,685.2,17.9,23.2,26,4.9,0.0,23.41
209,14345,4,oct,sat,90.6,43.7,686.9,6.7,18.4,25,3.1,0.0,24.23
210,14346,4,aug,sat,93.5,139.4,594.2,20.3,5.1,96,5.8,0.0,26.0
211,14347,4,sep,fri,94.3,85.1,692.3,15.9,20.1,47,4.9,0.0,26.13
212,14348,3,mar,mon,87.6,52.2,103.8,5.0,11.0,46,5.8,0.0,27.35
213,14349,4,mar,sat,91.7,35.8,80.8,7.8,17.0,27,4.9,0.0,28.66
214,14350,4,mar,sat,91.7,35.8,80.8,7.8,17.0,27,4.9,0.0,28.66
215,14351,4,sep,sun,92.4,124.1,680.7,8.5,16.9,60,1.3,0.0,29.48
216,14352,3,sep,mon,88.6,91.8,709.9,7.1,12.4,73,6.3,0.0,30.32
217,14353,5,sep,wed,92.9,133.3,699.6,9.2,19.4,19,1.3,0.0,31.72
218,14354,5,mar,mon,90.1,39.7,86.6,6.2,15.2,27,3.1,0.0,31.86
219,14355,6,aug,sun,90.2,99.6,631.2,6.3,16.2,59,3.1,0.0,32.07
220,14356,4,sep,fri,93.3,141.2,713.9,13.9,18.6,49,3.6,0.0,35.88
221,14357,3,mar,mon,87.6,52.2,103.8,5.0,11.0,46,5.8,0.0,36.85
222,14358,2,jul,fri,88.3,150.3,309.9,6.8,13.4,79,3.6,0.0,37.02
223,14359,4,sep,wed,90.1,82.9,735.7,6.2,15.4,57,4.5,0.0,37.71
224,14360,4,sep,sun,93.5,149.3,728.6,8.1,22.9,39,4.9,0.0,48.55
225,14361,5,oct,mon,91.7,48.5,696.1,11.1,16.1,44,4.0,0.0,49.37
226,14362,6,aug,sat,92.2,81.8,480.8,11.9,20.1,34,4.5,0.0,58.3
227,14363,6,sep,sun,93.5,149.3,728.6,8.1,28.3,26,3.1,0.0,64.1
228,14364,6,aug,sat,92.2,81.8,480.8,11.9,16.4,43,4.0,0.0,71.3
229,14365,4,sep,wed,92.9,133.3,699.6,9.2,26.4,21,4.5,0.0,88.49
230,14366,5,sep,sun,93.5,149.3,728.6,8.1,27.8,27,3.1,0.0,95.18
231,14367,4,sep,tue,91.0,129.5,692.6,7.0,18.7,43,2.7,0.0,103.39
232,14368,4,sep,tue,84.4,73.4,671.9,3.2,24.3,36,3.1,0.0,105.66
233,14369,5,sep,sat,92.5,121.1,674.4,8.6,17.7,25,3.1,0.0,154.88
234,14370,6,aug,sun,91.4,142.4,601.4,10.6,19.6,41,5.8,0.0,196.48
235,14371,2,sep,sat,92.5,121.1,674.4,8.6,18.2,46,1.8,0.0,200.94
236,14372,2,sep,tue,91.0,129.5,692.6,7.0,18.8,40,2.2,0.0,212.88
237,14373,5,sep,sat,92.5,121.1,674.4,8.6,25.1,27,4.0,0.0,1090.84
238,14374,5,apr,sun,81.9,3.0,7.9,3.5,13.4,75,1.8,0.0,0.0
239,14375,3,apr,wed,88.0,17.2,43.5,3.8,15.2,51,2.7,0.0,0.0
240,14376,4,apr,fri,83.0,23.3,85.3,2.3,16.7,20,3.1,0.0,0.0
241,14377,4,aug,sun,94.2,122.3,589.9,12.9,15.4,66,4.0,0.0,10.13
242,14378,4,aug,sun,91.8,175.1,700.7,13.8,21.9,73,7.6,1.0,0.0
243,14379,4,aug,sun,91.8,175.1,700.7,13.8,22.4,54,7.6,0.0,2.87
244,14380,4,aug,sun,91.8,175.1,700.7,13.8,26.8,38,6.3,0.0,0.76
245,14381,4,aug,sun,91.8,175.1,700.7,13.8,25.7,39,5.4,0.0,0.09
246,14382,4,aug,wed,92.2,91.6,503.6,9.6,20.7,70,2.2,0.0,0.75
247,14383,6,aug,wed,93.1,157.3,666.7,13.5,28.7,28,2.7,0.0,0.0
248,14384,4,aug,wed,93.1,157.3,666.7,13.5,21.7,40,0.4,0.0,2.47
249,14385,5,aug,wed,93.1,157.3,666.7,13.5,26.8,25,3.1,0.0,0.68
250,14386,5,aug,wed,93.1,157.3,666.7,13.5,24.0,36,3.1,0.0,0.24
251,14387,5,aug,wed,93.1,157.3,666.7,13.5,22.1,37,3.6,0.0,0.21
252,14388,4,aug,thu,91.9,109.2,565.5,8.0,21.4,38,2.7,0.0,1.52
253,14389,3,aug,thu,91.6,138.1,621.7,6.3,18.9,41,3.1,0.0,10.34
254,14390,5,aug,thu,87.5,77.0,694.8,5.0,22.3,46,4.0,0.0,0.0
255,14391,6,aug,sat,94.2,117.2,581.1,11.0,23.9,41,2.2,0.0,8.02
256,14392,3,aug,sat,94.2,117.2,581.1,11.0,21.4,44,2.7,0.0,0.68
257,14393,4,aug,sat,91.8,170.9,692.3,13.7,20.6,59,0.9,0.0,0.0
258,14394,4,aug,sat,91.8,170.9,692.3,13.7,23.7,40,1.8,0.0,1.38
259,14395,4,aug,mon,93.6,97.9,542.0,14.4,28.3,32,4.0,0.0,8.85
260,14396,4,aug,fri,91.6,112.4,573.0,8.9,11.2,84,7.6,0.0,3.3
261,14397,4,aug,fri,91.6,112.4,573.0,8.9,21.4,42,3.1,0.0,4.25
262,14398,3,aug,fri,91.1,141.1,629.1,7.1,19.3,39,3.6,0.0,1.56
263,14399,4,aug,fri,94.3,167.6,684.4,13.0,21.8,53,3.1,0.0,6.54
264,14400,4,aug,tue,93.7,102.2,550.3,14.6,22.1,54,7.6,0.0,0.79
265,14401,5,aug,tue,94.3,131.7,607.1,22.7,19.4,55,4.0,0.0,0.17
266,14402,2,aug,tue,92.1,152.6,658.2,14.3,23.7,24,3.1,0.0,0.0
267,14403,4,aug,tue,92.1,152.6,658.2,14.3,21.0,32,3.1,0.0,0.0
268,14404,4,aug,tue,92.1,152.6,658.2,14.3,19.1,53,2.7,0.0,4.4
269,14405,2,aug,tue,92.1,152.6,658.2,14.3,21.8,56,3.1,0.0,0.52
270,14406,6,aug,tue,92.1,152.6,658.2,14.3,20.1,58,4.5,0.0,9.27
271,14407,5,aug,tue,92.1,152.6,658.2,14.3,20.2,47,4.0,0.0,3.09
272,14408,6,dec,sun,84.4,27.2,353.5,6.8,4.8,57,8.5,0.0,8.98
273,14409,6,dec,wed,84.0,27.8,354.6,5.3,5.1,61,8.0,0.0,11.19
274,14410,6,dec,thu,84.6,26.4,352.0,2.0,5.1,61,4.9,0.0,5.38
275,14411,4,dec,mon,85.4,25.4,349.7,2.6,4.6,21,8.5,0.0,17.85
276,14412,4,dec,mon,85.4,25.4,349.7,2.6,4.6,21,8.5,0.0,10.73
277,14413,4,dec,mon,85.4,25.4,349.7,2.6,4.6,21,8.5,0.0,22.03
278,14414,4,dec,mon,85.4,25.4,349.7,2.6,4.6,21,8.5,0.0,9.77
279,14415,6,dec,fri,84.7,26.7,352.6,4.1,2.2,59,4.9,0.0,9.27
280,14416,5,dec,tue,85.4,25.4,349.7,2.6,5.1,24,8.5,0.0,24.77
281,14417,3,feb,sun,84.9,27.5,353.5,3.4,4.2,51,4.0,0.0,0.0
282,14418,4,feb,wed,86.9,6.6,18.7,3.2,8.8,35,3.1,0.0,1.1
283,14419,4,feb,fri,85.2,4.9,15.8,6.3,7.5,46,8.0,0.0,24.24
284,14420,5,jul,sun,93.9,169.7,411.8,12.3,23.4,40,6.3,0.0,0.0
285,14421,6,jul,wed,91.2,183.1,437.7,12.5,12.6,90,7.6,0.2,0.0
286,14422,4,jul,sat,91.6,104.2,474.9,9.0,22.1,49,2.7,0.0,0.0
287,14423,4,jul,sat,91.6,104.2,474.9,9.0,24.2,32,1.8,0.0,0.0
288,14424,4,jul,sat,91.6,104.2,474.9,9.0,24.3,30,1.8,0.0,0.0
289,14425,5,jul,sat,91.6,104.2,474.9,9.0,18.7,53,1.8,0.0,0.0
290,14426,4,jul,sat,91.6,104.2,474.9,9.0,25.3,39,0.9,0.0,8.0
291,14427,5,jul,fri,91.6,100.2,466.3,6.3,22.9,40,1.3,0.0,2.64
292,14428,6,jul,tue,93.1,180.4,430.8,11.0,26.9,28,5.4,0.0,86.45
293,14429,6,jul,tue,92.3,88.8,440.9,8.5,17.1,67,3.6,0.0,6.57
294,14430,5,jun,sun,93.1,180.4,430.8,11.0,22.2,48,1.3,0.0,0.0
295,14431,4,jun,sun,90.4,89.5,290.8,6.4,14.3,46,1.8,0.0,0.9
296,14432,6,jun,sun,90.4,89.5,290.8,6.4,15.4,45,2.2,0.0,0.0
297,14433,6,jun,wed,91.2,147.8,377.2,12.7,19.6,43,4.9,0.0,0.0
298,14434,5,jun,sat,53.4,71.0,233.8,0.4,10.6,90,2.7,0.0,0.0
299,14435,5,jun,mon,90.4,93.3,298.1,7.5,20.7,25,4.9,0.0,0.0
300,14436,5,jun,mon,90.4,93.3,298.1,7.5,19.1,39,5.4,0.0,3.52
301,14437,6,jun,fri,91.1,94.1,232.1,7.1,19.2,38,4.5,0.0,0.0
302,14438,6,jun,fri,91.1,94.1,232.1,7.1,19.2,38,4.5,0.0,0.0
303,14439,5,may,sat,85.1,28.0,113.8,3.5,11.3,94,4.9,0.0,0.0
304,14440,4,sep,sun,89.6,84.1,714.3,5.7,19.0,52,2.2,0.0,0.0
305,14441,4,sep,sun,89.6,84.1,714.3,5.7,17.1,53,5.4,0.0,0.41
306,14442,4,sep,sun,89.6,84.1,714.3,5.7,23.8,35,3.6,0.0,5.18
307,14443,4,sep,sun,92.4,105.8,758.1,9.9,16.0,45,1.8,0.0,0.0
308,14444,4,sep,sun,92.4,105.8,758.1,9.9,24.9,27,2.2,0.0,0.0
309,14445,4,sep,sun,92.4,105.8,758.1,9.9,25.3,27,2.7,0.0,0.0
310,14446,3,sep,sun,92.4,105.8,758.1,9.9,24.8,28,1.8,0.0,14.29
311,14447,4,sep,sun,50.4,46.2,706.6,0.4,12.2,78,6.3,0.0,0.0
312,14448,5,sep,wed,92.6,115.4,777.1,8.8,24.3,27,4.9,0.0,0.0
313,14449,4,sep,wed,92.6,115.4,777.1,8.8,19.7,41,1.8,0.0,1.58
314,14450,4,sep,wed,91.2,134.7,817.5,7.2,18.5,30,2.7,0.0,0.0
315,14451,5,sep,thu,92.4,96.2,739.4,8.6,18.6,24,5.8,0.0,0.0
316,14452,4,sep,thu,92.4,96.2,739.4,8.6,19.2,24,4.9,0.0,3.78
317,14453,5,sep,thu,92.8,119.0,783.5,7.5,21.6,27,2.2,0.0,0.0
318,14454,4,sep,thu,92.8,119.0,783.5,7.5,21.6,28,6.3,0.0,4.41
319,14455,3,sep,thu,92.8,119.0,783.5,7.5,18.9,34,7.2,0.0,34.36
320,14456,4,sep,thu,92.8,119.0,783.5,7.5,16.8,28,4.0,0.0,7.21
321,14457,5,sep,thu,92.8,119.0,783.5,7.5,16.8,28,4.0,0.0,1.01
322,14458,5,sep,thu,90.7,136.9,822.8,6.8,12.9,39,2.7,0.0,2.18
323,14459,5,sep,thu,88.1,53.3,726.9,5.4,13.7,56,1.8,0.0,4.42
324,14460,4,sep,sat,92.2,102.3,751.5,8.4,24.2,27,3.1,0.0,0.0
325,14461,4,sep,sat,92.2,102.3,751.5,8.4,24.1,27,3.1,0.0,0.0
326,14462,5,sep,sat,92.2,102.3,751.5,8.4,21.2,32,2.2,0.0,0.0
327,14463,5,sep,sat,92.2,102.3,751.5,8.4,19.7,35,1.8,0.0,0.0
328,14464,3,sep,sat,92.2,102.3,751.5,8.4,23.5,27,4.0,0.0,3.33
329,14465,3,sep,sat,92.2,102.3,751.5,8.4,24.2,27,3.1,0.0,6.58
330,14466,4,sep,sat,91.2,124.4,795.3,8.5,21.5,28,4.5,0.0,15.64
331,14467,4,sep,sat,91.2,124.4,795.3,8.5,17.1,41,2.2,0.0,11.22
332,14468,4,sep,mon,92.1,87.7,721.1,9.5,18.1,54,3.1,0.0,2.13
333,14469,3,sep,mon,91.6,108.4,764.0,6.2,18.0,51,5.4,0.0,0.0
334,14470,3,sep,mon,91.6,108.4,764.0,6.2,9.8,86,1.8,0.0,0.0
335,14471,4,sep,mon,91.6,108.4,764.0,6.2,19.3,44,2.2,0.0,0.0
336,14472,3,sep,mon,91.6,108.4,764.0,6.2,23.0,34,2.2,0.0,56.04
337,14473,6,sep,mon,91.6,108.4,764.0,6.2,22.7,35,2.2,0.0,7.48
338,14474,4,sep,mon,91.6,108.4,764.0,6.2,20.4,41,1.8,0.0,1.47
339,14475,5,sep,mon,91.6,108.4,764.0,6.2,19.3,44,2.2,0.0,3.93
340,14476,6,sep,mon,91.9,111.7,770.3,6.5,15.7,51,2.2,0.0,0.0
341,14477,3,sep,mon,91.5,130.1,807.1,7.5,20.6,37,1.8,0.0,0.0
342,14478,6,sep,mon,91.5,130.1,807.1,7.5,15.9,51,4.5,0.0,2.18
343,14479,3,sep,mon,91.5,130.1,807.1,7.5,12.2,66,4.9,0.0,6.1
344,14480,2,sep,mon,91.5,130.1,807.1,7.5,16.8,43,3.1,0.0,5.83
345,14481,4,sep,mon,91.5,130.1,807.1,7.5,21.3,35,2.2,0.0,28.19
346,14482,4,sep,fri,92.1,99.0,745.3,9.6,10.1,75,3.6,0.0,0.0
347,14483,4,sep,fri,92.1,99.0,745.3,9.6,17.4,57,4.5,0.0,0.0
348,14484,4,sep,fri,92.1,99.0,745.3,9.6,12.8,64,3.6,0.0,1.64
349,14485,4,sep,fri,92.1,99.0,745.3,9.6,10.1,75,3.6,0.0,3.71
350,14486,4,sep,fri,92.1,99.0,745.3,9.6,15.4,53,6.3,0.0,7.31
351,14487,4,sep,fri,92.1,99.0,745.3,9.6,20.6,43,3.6,0.0,2.03
352,14488,4,sep,fri,92.1,99.0,745.3,9.6,19.8,47,2.7,0.0,1.72
353,14489,4,sep,fri,92.1,99.0,745.3,9.6,18.7,50,2.2,0.0,5.97
354,14490,4,sep,fri,92.1,99.0,745.3,9.6,20.8,35,4.9,0.0,13.06
355,14491,4,sep,fri,92.1,99.0,745.3,9.6,20.8,35,4.9,0.0,1.26
356,14492,3,sep,fri,92.5,122.0,789.7,10.2,15.9,55,3.6,0.0,0.0
357,14493,3,sep,fri,92.5,122.0,789.7,10.2,19.7,39,2.7,0.0,0.0
358,14494,4,sep,fri,92.5,122.0,789.7,10.2,21.1,39,2.2,0.0,8.12
359,14495,5,sep,fri,92.5,122.0,789.7,10.2,18.4,42,2.2,0.0,1.09
360,14496,3,sep,fri,92.5,122.0,789.7,10.2,17.3,45,4.0,0.0,3.94
361,14497,4,sep,fri,88.2,55.2,732.3,11.6,15.2,64,3.1,0.0,0.52
362,14498,3,sep,tue,91.9,111.7,770.3,6.5,15.9,53,2.2,0.0,2.93
363,14499,5,sep,tue,91.9,111.7,770.3,6.5,21.1,35,2.7,0.0,5.65
364,14500,5,sep,tue,91.9,111.7,770.3,6.5,19.6,45,3.1,0.0,20.03
365,14501,5,sep,tue,91.1,132.3,812.1,12.5,15.9,38,5.4,0.0,1.75
366,14502,5,sep,tue,91.1,132.3,812.1,12.5,16.4,27,3.6,0.0,0.0
367,14503,5,sep,sat,91.2,94.3,744.4,8.4,16.8,47,4.9,0.0,12.64
368,14504,5,sep,sun,91.0,276.3,825.1,7.1,13.8,77,7.6,0.0,0.0
369,14505,4,sep,sun,91.0,276.3,825.1,7.1,13.8,77,7.6,0.0,11.06
370,14506,4,jul,wed,91.9,133.6,520.5,8.0,14.2,58,4.0,0.0,0.0
371,14507,5,aug,sun,92.0,203.2,664.5,8.1,10.4,75,0.9,0.0,0.0
372,14508,4,aug,thu,94.8,222.4,698.6,13.9,20.3,42,2.7,0.0,0.0
373,14509,5,sep,fri,90.3,290.0,855.3,7.4,10.3,78,4.0,0.0,18.3
374,14510,5,sep,sat,91.2,94.3,744.4,8.4,15.4,57,4.9,0.0,39.35
375,14511,6,aug,mon,92.1,207.0,672.6,8.2,21.1,54,2.2,0.0,0.0
376,14512,2,aug,sat,93.7,231.1,715.1,8.4,21.9,42,2.2,0.0,174.63
377,14513,5,mar,thu,90.9,18.9,30.6,8.0,8.7,51,5.8,0.0,0.0
378,14514,5,jan,sun,18.7,1.1,171.4,0.0,5.2,100,0.9,0.0,0.0
379,14515,4,jul,wed,93.7,101.3,458.8,11.9,19.3,39,7.2,0.0,7.73
380,14516,6,aug,thu,90.7,194.1,643.0,6.8,16.2,63,2.7,0.0,16.33
381,14517,6,aug,wed,95.2,217.7,690.0,18.0,28.2,29,1.8,0.0,5.86
382,14518,6,aug,thu,91.6,248.4,753.8,6.3,20.5,58,2.7,0.0,42.87
383,14519,4,aug,sat,91.6,273.8,819.1,7.7,21.3,44,4.5,0.0,12.18
384,14520,4,aug,sun,91.6,181.3,613.0,7.6,20.9,50,2.2,0.0,16.0
385,14521,4,sep,sun,90.5,96.7,750.5,11.4,20.6,55,5.4,0.0,24.59
386,14522,5,mar,thu,90.9,18.9,30.6,8.0,11.6,48,5.4,0.0,0.0
387,14523,4,aug,fri,94.8,227.0,706.7,12.0,23.3,34,3.1,0.0,28.74
388,14524,4,aug,fri,94.8,227.0,706.7,12.0,23.3,34,3.1,0.0,0.0
389,14525,4,feb,mon,84.7,9.5,58.3,4.1,7.5,71,6.3,0.0,9.96
390,14526,6,sep,fri,91.1,91.3,738.1,7.2,20.7,46,2.7,0.0,30.18
391,14527,3,sep,sun,91.0,276.3,825.1,7.1,21.9,43,4.0,0.0,70.76
392,14528,4,mar,tue,93.4,15.0,25.6,11.4,15.2,19,7.6,0.0,0.0
393,14529,5,feb,mon,84.1,4.6,46.7,2.2,5.3,68,1.8,0.0,0.0
394,14530,5,feb,sun,85.0,9.0,56.9,3.5,10.1,62,1.8,0.0,51.78
395,14531,3,sep,sun,90.5,96.7,750.5,11.4,20.4,55,4.9,0.0,3.64
396,14532,6,aug,sun,91.6,181.3,613.0,7.6,24.3,33,3.6,0.0,3.63
397,14533,2,aug,sat,93.7,231.1,715.1,8.4,25.9,32,3.1,0.0,0.0
398,14534,5,jun,wed,93.3,49.5,297.7,14.0,28.0,34,4.5,0.0,0.0
399,14535,5,jun,wed,93.3,49.5,297.7,14.0,28.0,34,4.5,0.0,8.16
400,14536,4,sep,thu,91.1,88.2,731.7,8.3,22.8,46,4.0,0.0,4.95
401,14537,9,aug,fri,94.8,227.0,706.7,12.0,25.0,36,4.0,0.0,0.0
402,14538,6,aug,thu,90.7,194.1,643.0,6.8,21.3,41,3.6,0.0,0.0
403,14539,4,sep,wed,87.9,84.8,725.1,3.7,21.8,34,2.2,0.0,6.04
404,14540,2,aug,tue,94.6,212.1,680.9,9.5,27.9,27,2.2,0.0,0.0
405,14541,5,sep,sat,87.1,291.3,860.6,4.0,17.0,67,4.9,0.0,3.95
406,14542,5,feb,sat,84.7,8.2,55.0,2.9,14.2,46,4.0,0.0,0.0
407,14543,3,sep,fri,90.3,290.0,855.3,7.4,19.9,44,3.1,0.0,7.8
408,14544,4,jul,tue,92.3,96.2,450.2,12.1,23.4,31,5.4,0.0,0.0
409,14545,3,feb,fri,84.1,7.3,52.8,2.7,14.7,42,2.7,0.0,0.0
410,14546,4,feb,fri,84.6,3.2,43.6,3.3,8.2,53,9.4,0.0,4.62
411,14547,4,jul,mon,92.3,92.1,442.1,9.8,22.8,27,4.5,0.0,1.63
412,14548,5,aug,sat,93.7,231.1,715.1,8.4,26.4,33,3.6,0.0,0.0
413,14549,4,aug,sun,93.6,235.1,723.1,10.1,24.1,50,4.0,0.0,0.0
414,14550,6,aug,thu,94.8,222.4,698.6,13.9,27.5,27,4.9,0.0,746.28
415,14551,3,jul,tue,92.7,164.1,575.8,8.9,26.3,39,3.1,0.0,7.02
416,14552,5,mar,wed,93.4,17.3,28.3,9.9,13.8,24,5.8,0.0,0.0
417,14553,4,aug,sun,92.0,203.2,664.5,8.1,24.9,42,5.4,0.0,2.44
418,14554,5,aug,sun,91.6,181.3,613.0,7.6,24.8,36,4.0,0.0,3.05
419,14555,8,aug,wed,91.7,191.4,635.9,7.8,26.2,36,4.5,0.0,185.76
420,14556,4,aug,wed,95.2,217.7,690.0,18.0,30.8,19,4.5,0.0,0.0
421,14557,6,jul,sun,88.9,263.1,795.9,5.2,29.3,27,3.6,0.0,6.3
422,14558,3,sep,sat,91.2,94.3,744.4,8.4,22.3,48,4.0,0.0,0.72
423,14559,6,aug,sat,93.7,231.1,715.1,8.4,26.9,31,3.6,0.0,4.96
424,14560,2,aug,thu,91.6,248.4,753.8,6.3,20.4,56,2.2,0.0,0.0
425,14561,6,aug,thu,91.6,248.4,753.8,6.3,20.4,56,2.2,0.0,0.0
426,14562,4,aug,mon,92.1,207.0,672.6,8.2,27.9,33,2.2,0.0,2.35
427,14563,3,aug,thu,94.8,222.4,698.6,13.9,26.2,34,5.8,0.0,0.0
428,14564,4,aug,sun,91.6,181.3,613.0,7.6,24.6,44,4.0,0.0,3.2
429,14565,4,sep,thu,89.7,287.2,849.3,6.8,19.4,45,3.6,0.0,0.0
430,14566,3,aug,sat,92.1,178.0,605.3,9.6,23.3,40,4.0,0.0,6.36
431,14567,6,aug,thu,94.8,222.4,698.6,13.9,23.9,38,6.7,0.0,0.0
432,14568,4,aug,sun,93.6,235.1,723.1,10.1,20.9,66,4.9,0.0,15.34
433,14569,4,aug,fri,90.6,269.8,811.2,5.5,22.2,45,3.6,0.0,0.0
434,14570,5,jul,sat,90.8,84.7,376.6,5.6,23.8,51,1.8,0.0,0.0
435,14571,6,aug,mon,92.1,207.0,672.6,8.2,26.8,35,1.3,0.0,0.54
436,14572,6,aug,sat,89.4,253.6,768.4,9.7,14.2,73,2.7,0.0,0.0
437,14573,5,aug,sat,93.7,231.1,715.1,8.4,23.6,53,4.0,0.0,6.43
438,14574,3,sep,fri,91.1,91.3,738.1,7.2,19.1,46,2.2,0.0,0.33
439,14575,4,sep,fri,90.3,290.0,855.3,7.4,16.2,58,3.6,0.0,0.0
440,14576,6,aug,mon,92.1,207.0,672.6,8.2,25.5,29,1.8,0.0,1.23
441,14577,5,apr,mon,87.9,24.9,41.6,3.7,10.9,64,3.1,0.0,3.35
442,14578,2,jul,fri,90.7,80.9,368.3,16.8,14.8,78,8.0,0.0,0.0
443,14579,5,sep,fri,90.3,290.0,855.3,7.4,16.2,58,3.6,0.0,9.96
444,14580,5,aug,sun,94.0,47.9,100.7,10.7,17.3,80,4.5,0.0,0.0
445,14581,5,aug,sun,92.0,203.2,664.5,8.1,19.1,70,2.2,0.0,0.0
446,14582,4,mar,wed,93.4,17.3,28.3,9.9,8.9,35,8.0,0.0,0.0
447,14583,4,sep,wed,89.7,284.9,844.0,10.1,10.5,77,4.0,0.0,0.0
448,14584,4,aug,sun,91.6,181.3,613.0,7.6,19.3,61,4.9,0.0,0.0
449,14585,5,aug,wed,95.2,217.7,690.0,18.0,23.4,49,5.4,0.0,6.43
450,14586,4,aug,fri,90.5,196.8,649.9,16.3,11.8,88,4.9,0.0,9.71
451,14587,4,aug,mon,91.5,238.2,730.6,7.5,17.7,65,4.0,0.0,0.0
452,14588,5,aug,thu,89.4,266.2,803.3,5.6,17.4,54,3.1,0.0,0.0
453,14589,4,aug,thu,91.6,248.4,753.8,6.3,16.8,56,3.1,0.0,0.0
454,14590,4,jul,mon,94.6,160.0,567.2,16.7,17.9,48,2.7,0.0,0.0
455,14591,4,aug,thu,91.6,248.4,753.8,6.3,16.6,59,2.7,0.0,0.0
456,14592,4,aug,wed,91.7,191.4,635.9,7.8,19.9,50,4.0,0.0,82.75
457,14593,6,aug,sat,93.7,231.1,715.1,8.4,18.9,64,4.9,0.0,3.32
458,14594,4,aug,sat,91.6,273.8,819.1,7.7,15.5,72,8.0,0.0,1.94
459,14595,5,aug,sat,93.7,231.1,715.1,8.4,18.9,64,4.9,0.0,0.0
460,14596,6,aug,sat,93.7,231.1,715.1,8.4,18.9,64,4.9,0.0,0.0
461,14597,4,sep,sun,91.0,276.3,825.1,7.1,14.5,76,7.6,0.0,3.71
462,14598,5,feb,tue,75.1,4.4,16.2,1.9,4.6,82,6.3,0.0,5.39
463,14599,4,feb,tue,75.1,4.4,16.2,1.9,5.1,77,5.4,0.0,2.14
464,14600,2,feb,sat,79.5,3.6,15.3,1.8,4.6,59,0.9,0.0,6.84
465,14601,5,mar,mon,87.2,15.1,36.9,7.1,10.2,45,5.8,0.0,3.18
466,14602,4,mar,wed,90.2,18.5,41.1,7.3,11.2,41,5.4,0.0,5.55
467,14603,5,mar,thu,91.3,20.6,43.5,8.5,13.3,27,3.6,0.0,6.61
468,14604,3,apr,sun,91.0,14.6,25.6,12.3,13.7,33,9.4,0.0,61.13
469,14605,4,apr,sun,91.0,14.6,25.6,12.3,17.6,27,5.8,0.0,0.0
470,14606,3,may,fri,89.6,25.4,73.7,5.7,18.0,40,4.0,0.0,38.48
471,14607,3,jun,mon,88.2,96.2,229.0,4.7,14.3,79,4.0,0.0,1.94
472,14608,4,jun,sat,90.5,61.1,252.6,9.4,24.5,50,3.1,0.0,70.32
473,14609,3,jun,thu,93.0,103.8,316.7,10.8,26.4,35,2.7,0.0,10.08
474,14610,5,jun,thu,93.7,121.7,350.2,18.0,22.7,40,9.4,0.0,3.19
475,14611,3,jul,thu,93.5,85.3,395.0,9.9,27.2,28,1.3,0.0,1.76
476,14612,3,jul,sun,93.7,101.3,423.4,14.7,26.1,45,4.0,0.0,7.36
477,14613,4,jul,sun,93.7,101.3,423.4,14.7,18.2,82,4.5,0.0,2.21
478,14614,4,jul,mon,89.2,103.9,431.6,6.4,22.6,57,4.9,0.0,278.53
479,14615,9,jul,thu,93.2,114.4,560.0,9.5,30.2,25,4.5,0.0,2.75
480,14616,3,jul,thu,93.2,114.4,560.0,9.5,30.2,22,4.9,0.0,0.0
481,14617,4,aug,sun,94.9,130.3,587.1,14.1,23.4,40,5.8,0.0,1.29
482,14618,6,aug,sun,94.9,130.3,587.1,14.1,31.0,27,5.4,0.0,0.0
483,14619,5,aug,sun,94.9,130.3,587.1,14.1,33.1,25,4.0,0.0,26.43
484,14620,4,aug,mon,95.0,135.5,596.3,21.3,30.6,28,3.6,0.0,2.07
485,14621,4,aug,tue,95.1,141.3,605.8,17.7,24.1,43,6.3,0.0,2.0
486,14622,4,aug,tue,95.1,141.3,605.8,17.7,26.4,34,3.6,0.0,16.4
487,14623,4,aug,tue,95.1,141.3,605.8,17.7,19.4,71,7.6,0.0,46.7
488,14624,4,aug,wed,95.1,141.3,605.8,17.7,20.6,58,1.3,0.0,0.0
489,14625,4,aug,wed,95.1,141.3,605.8,17.7,28.7,33,4.0,0.0,0.0
490,14626,4,aug,thu,95.8,152.0,624.1,13.8,32.4,21,4.5,0.0,0.0
491,14627,3,aug,fri,95.9,158.0,633.6,11.3,32.4,27,2.2,0.0,0.0
492,14628,3,aug,fri,95.9,158.0,633.6,11.3,27.5,29,4.5,0.0,43.32
493,14629,6,aug,sat,96.0,164.0,643.0,14.0,30.8,30,4.9,0.0,8.59
494,14630,6,aug,mon,96.2,175.5,661.8,16.8,23.9,42,2.2,0.0,0.0
495,14631,5,aug,mon,96.2,175.5,661.8,16.8,32.6,26,3.1,0.0,2.77
496,14632,4,aug,tue,96.1,181.1,671.2,14.3,32.3,27,2.2,0.0,14.68
497,14633,5,aug,tue,96.1,181.1,671.2,14.3,33.3,26,2.7,0.0,40.54
498,14634,5,aug,tue,96.1,181.1,671.2,14.3,27.3,63,4.9,6.4,10.82
499,14635,6,aug,tue,96.1,181.1,671.2,14.3,21.6,65,4.9,0.8,0.0
500,14636,5,aug,tue,96.1,181.1,671.2,14.3,21.6,65,4.9,0.8,0.0
501,14637,4,aug,tue,96.1,181.1,671.2,14.3,20.7,69,4.9,0.4,0.0
502,14638,4,aug,wed,94.5,139.4,689.1,20.0,29.2,30,4.9,0.0,1.95
503,14639,3,aug,wed,94.5,139.4,689.1,20.0,28.9,29,4.9,0.0,49.59
504,14640,2,aug,thu,91.0,163.2,744.4,10.1,26.7,35,1.8,0.0,5.8
505,14641,2,aug,fri,91.0,166.9,752.6,7.1,18.5,73,8.5,0.0,0.0
506,14642,4,aug,fri,91.0,166.9,752.6,7.1,25.9,41,3.6,0.0,0.0
507,14643,2,aug,fri,91.0,166.9,752.6,7.1,25.9,41,3.6,0.0,0.0
508,14644,4,aug,fri,91.0,166.9,752.6,7.1,21.1,71,7.6,1.4,2.17
509,14645,5,aug,fri,91.0,166.9,752.6,7.1,18.2,62,5.4,0.0,0.43
510,14646,6,aug,sun,81.6,56.7,665.6,1.9,27.8,35,2.7,0.0,0.0
511,14647,3,aug,sun,81.6,56.7,665.6,1.9,27.8,32,2.7,0.0,6.44
512,14648,4,aug,sun,81.6,56.7,665.6,1.9,21.9,71,5.8,0.0,54.29
513,14649,4,aug,sun,81.6,56.7,665.6,1.9,21.2,70,6.7,0.0,11.16
514,14650,4,aug,sat,94.4,146.0,614.7,11.3,25.6,42,4.0,0.0,0.0
515,14651,3,nov,tue,79.5,3.0,106.7,1.1,11.8,31,4.5,0.0,0.0
